kwh-explained.mdx,2,3
what-is-a-solar-battery.mdx,2,0
how-solar-batteries-work.mdx,2,0
how-to-size-solar-battery-uk-us.mdx,2,3
battery-backup-for-power-outages.mdx,2,3
how-much-battery-storage-do-i-need.mdx,2,3
solar-battery-for-ev-charging.mdx,2,2
us-solar-battery-incentives.mdx,2,6
solar-battery-cost-uk-2026.mdx,2,3
solar-battery-payback-period.mdx,2,2
solar-battery-cost-usa-2026.mdx,2,5
is-solar-battery-storage-worth-it.mdx,2,0
uk-solar-battery-incentives.mdx,2,4
lithium-vs-lead-acid.mdx,2,0
best-solar-batteries-2026.mdx,2,4
ac-coupled-vs-dc-coupled.mdx,2,4
how-to-get-solar-battery-quotes.mdx,2,0
how-to-add-battery-to-existing-solar-system.mdx,2,0
how-to-install-a-solar-battery-what-to-expect.mdx,1,0
how-to-monitor-solar-battery-health.mdx,0,0
how-to-troubleshoot-solar-battery-problems.mdx,0,0
how-to-maintain-solar-battery-system.mdx,0,0
how-to-choose-the-right-solar-battery.mdx,2,0
how-to-read-your-electricity-bill-for-battery-sizing.mdx,2,0
how-to-maximise-solar-battery-savings.mdx,2,0
how-to-verify-installer-certifications.mdx,0,0
how-to-claim-solar-battery-incentives.mdx,1,0
sgip-rebate-guide-california.mdx,2,0
virtual-power-plant-income-guide.mdx,2,0
uk-solar-battery-incentives-grants-2026.mdx,2,0
us-state-solar-battery-rebates-guide-2026.mdx,2,0
australia-solar-battery-rebates-incentives-2026.mdx,2,0
net-metering-3-0-explained.mdx,2,0
us-federal-solar-battery-tax-credit-itc.mdx,0,0
us-solar-battery-cost-2026.mdx,2,5
uk-solar-battery-cost-2026.mdx,2,5
eu-solar-battery-cost-2026.mdx,2,5
australia-solar-battery-cost-2026.mdx,2,5
canada-solar-battery-cost-2026.mdx,2,5
second-life-ev-batteries-home-storage.mdx,1,0
sodium-ion-batteries-home-storage.mdx,2,0
solar-battery-price-forecast-2026-2032.mdx,2,0
virtual-power-plants-explained-home-battery.mdx,2,0
solid-state-batteries-home-storage.mdx,1,0
hydrogen-home-storage-vs-batteries.mdx,0,0
vehicle-to-home-v2h-ev-as-home-battery.mdx,2,0
future-of-home-battery-storage-2026-2030.mdx,2,0
